Visa_Category,Jul-19,Jul-21,Jul-22,Jul-23
Higher Educ.,72.74939172749392,60.0,70.51390058972198,76.01033120632027
Vocational Educ. & Training,8.599235314563781,12.0,10.404380791912384,8.735946520814341
Schools,8.091762252346193,2.0,3.6787419264251615,4.1476754785779395
Independent ELICOS(b),2.113312478275982,0.0,3.3838809323223815,3.122151321786691
Postgraduate Research,2.467848453249913,24.0,2.822240943555181,2.4536615010635066
Students Other,5.978449774070213,2.0,9.196854816062903,5.530233971437253
